1,Mary Denver,jane@gmail.com,09456782645,New York, New York
2,John Smith,john.smith@gmail.com,09876543210,Los Angeles, CA
3,Emily Johnson,emily.johnson@yahoo.com,09765432109,San Francisco, CA
4,David Lee,david.lee@hotmail.com,09654321098,Seattle, WA
5,Michelle Chen,michelle.chen@gmail.com,09543210987,Chicago, IL
6,Daniel Kim,daniel.kim@yahoo.com,09432109876,New York, NY
7,Bradley Thompson,avery.thompson@hotmail.com,09321098765,Dallas, TX
8,Sophia Lee,sophia.lee@gmail.com,09210987654,Houston, TX
9,Ryan Chen,ryan.chen@yahoo.com,09109876543,Atlanta, GA
10,Emma Davis,emma.davis@hotmail.com,09098765432,Denver, CO
12,Juan,email.com,91241513615,newyork
13,Ela,email.com,91241513615,newyork
14,Maria ,email.com,91241513615,newyork
15,Gacia,email.com,91241513615,newyork
19,Juan,email.com,91241513615,newyork
20,Ela,email.com,91241513615,newyork
21,Maria ,email.com,91241513615,newyork
22,Gacia,email.com,91241513615,newyork
30,a,a,a,a
